{
    "0573ddf4": { "id": "0573ddf4", "yt": "WXwgZL4zx9o", "title": "Alexander Rybak - Fairytale", "year": 2009, "views": 105, "nation": "" },
    "069687d6": { "id": "069687d6", "yt": "Pfo-8z86x80", "title": "Loreen - Euphoria", "year": 2012, "views": 69, "nation": "" },
    "1479a2fe": { "id": "1479a2fe", "yt": "onOex2WXjbA", "title": "JJ - Wasted Love", "year": 2025, "views": 9.5, "nation": "" },
    "31fb4561": { "id": "31fb4561", "yt": "p6e1TmYb33w", "title": "AWS - Viszlát Nyár", "year": 2018, "views": 2.6, "nation": "" },
    "3591afee": { "id": "3591afee", "yt": "-XyLecY2JyE", "title": "Slimane - Mon Amour", "year": 2024, "views": 26, "nation": "" },
    "3d8d0e8d": { "id": "3d8d0e8d", "yt": "BE2Fj0W4jP4", "title": "Loreen - Tattoo", "year": 2023, "views": 29, "nation": "" },
    "42232d21": { "id": "42232d21", "yt": "JF8fkHK0AWs", "title": "Olsen Brothers - Fly On The Wings of Love", "year": 2000, "views": 0.1, "nation": "" },
    "4cc18091": { "id": "4cc18091", "yt": "povnGP6k0sI", "title": "Miriana Conte - SERVING", "year": 2025, "views": 0.6, "nation": "" },
    "56c12e67": { "id": "56c12e67", "yt": "RVH5dn1cxAQ", "title": "Måneskin - Zitti E Buoni", "year": 2021, "views": 113, "nation": "" },
    "5f96af67": { "id": "5f96af67", "yt": "jSQYTt4xg3I", "title": "Chanel - SloMo", "year": 2022, "views": 46, "nation": "" },
    "61b3731a": { "id": "61b3731a", "yt": "QRUIava4WRM", "title": "Conchita Wurst - Rise Like a Phoenix", "year": 2014, "views": 15, "nation": "" },
    "62860074": { "id": "62860074", "yt": "9b9Z5HSCXOI", "title": "Tommy Cash - Espresso Macchiato", "year": 2025, "views": 12, "nation": "" },
    "685f4943": { "id": "685f4943", "yt": "mBg3coarF_8", "title": "Dino Merlin - Love In Rewind", "year": 2011, "views": 1.5, "nation": "" },
    "6b447408": { "id": "6b447408", "yt": "IiHFnmI8pxg", "title": "Joost Klein - Europapa", "year": 2024, "views": 43, "nation": "" },
    "6fb178a2": { "id": "6fb178a2", "yt": "L_dWvTCdDQ4", "title": "Little Big - Uno", "year": 2020, "views": 295, "nation": "" },
    "70621e6b": { "id": "70621e6b", "yt": "fn8DzOcpQas", "title": "Basim - Cliché Love Song", "year": 2014, "views": 3.9, "nation": "" },
    "74cfa0d1": { "id": "74cfa0d1", "yt": "4XJBNJ2wq0Y", "title": "ABBA - Waterloo", "year": 1974, "views": 3.2, "nation": "" },
    "846882bd": { "id": "846882bd", "yt": "FOMoQoHG5aU", "title": "Nebulossa - ZORRA", "year": 2024, "views": 6.6, "nation": "" },
    "9350ed07": { "id": "9350ed07", "yt": "5sGOwFVUU0I", "title": "Måns Zelmerlöw - Heroes", "year": 2015, "views": 55, "nation": "" },
    "938a4a4d": { "id": "938a4a4d", "yt": "UMq8ofCstMQ", "title": "Bambie Thug - Doomsday Blue", "year": 2024, "views": 12, "nation": "" },
    "9921812f": { "id": "9921812f", "yt": "7nidDtyS0Wo", "title": "Windows95man - No Rules!", "year": 2024, "views": 10, "nation": "" },
    "a2901c3f": { "id": "a2901c3f", "yt": "pHXDMe6QV-U", "title": "Sunstroke Project & Olia Tira - Run Away", "year": 2010, "views": 38, "nation": "" },
    "a9db35a0": { "id": "a9db35a0", "yt": "hfjHJneVonE", "title": "Verka Serduchka - Dancing Lasha Tumbai", "year": 2007, "views": 58, "nation": "" },
    "b0c6c269": { "id": "b0c6c269", "yt": "adCU2rQyDeY", "title": "Subwoolfer - Give That Wolf A Banana", "year": 2022, "views": 11, "nation": "" },
    "c10cd2e8": { "id": "c10cd2e8", "yt": "YIBjarAiAVc", "title": "Baby Lasagna - Rim Tim Tagi Dim", "year": 2024, "views": 41, "nation": "" },
    "c74d1bcd": { "id": "c74d1bcd", "yt": "84LBjXaeKk4", "title": "Netta - Toy", "year": 2018, "views": 54, "nation": "" },
    "d2fa5d22": { "id": "d2fa5d22", "yt": "l6rS8Dv5g-8", "title": "Käärijä - Cha Cha Cha", "year": 2023, "views": 44, "nation": "" },
    "d7e6f881": { "id": "d7e6f881", "yt": "hqM0AkP7zcI", "title": "Joci Pápai - Origo", "year": 2018, "views": 3.9, "nation": "" },
    "e0701ae3": { "id": "e0701ae3", "yt": "gAh9NRGNhUU", "title": "Lordi - Hard Rock Hallelujah", "year": 2006, "views": 56, "nation": "" },
    "e0c8b1b9": { "id": "e0c8b1b9", "yt": "MtMHBXO_n48", "title": "Ivi Adamou - La La Love", "year": 2012, "views": 14, "nation": "" },
    "f6b33937": { "id": "f6b33937", "yt": "CO_qJf-nW0k", "title": "Nemo - The Code", "year": 2024, "views": 41, "nation": "" },
    "fddc8c5d": { "id": "fddc8c5d", "yt": "3MB628Kanzo", "title": "EMMY - Laika Party", "year": 2025, "views": 1, "nation": "" }
}